{"IcoMoonType":"selection","icons":[{"icon":{"paths":["M554.667 426.667h128v128h-128v298.667h-128v-298.667h-128v-128h128v-53.547c0-50.731 15.957-114.816 47.701-149.845 31.744-35.115 71.381-52.608 118.869-52.608h89.429v128h-89.6c-21.248 0-38.4 17.152-38.4 38.357v89.643z"],"attrs":[{}],"isMulticolor":false,"isMulticolor2":false,"tags":["social-facebook"],"grid":24},"attrs":[{}],"properties":{"order":1,"id":0,"prevSize":24,"code":59654,"name":"social-facebook"},"setIdx":0,"setId":7,"iconIdx":0}],"height":1024,"metadata":{"name":"icomoon"},"preferences":{"showGlyphs":true,"showQuickUse":true,"showQuickUse2":true,"showSVGs":true,"fontPref":{"prefix":"icon-","metadata":{"fontFamily":"icomoon"},"metrics":{"emSize":1024,"baseline":6.25,"whitespace":50},"embed":false},"imagePref":{"prefix":"icon-","png":true,"useClassSelector":true,"color":0,"bgColor":16777215,"classSelector":".icon","name":"icomoon"},"historySize":50,"showCodes":true,"gridSize":16}}